판매업체,판매물품,가격
gogocase,[1+1+1]네버엔딩 케이스 [무료배송],"7,800원 "
Theflowermarket,[DIY세트] 버블풍선 카네이션돈꽃다발_(707053),"9,900원 "
DAILYLIKE,마이버디 스티커 12종 세트,"12,900원 "
LIVEWORK,포켓v.3 태블릿PC 파우치,"19,040원 "
PEANUTS,[Peanuts] 코믹스 스티커 세트_스누피,"4,900원 "
Disney Edition,[디즈니] 틴케이스 북마크 세트_위니더푸,"3,360원 "
Disney Edition,[디즈니] 프린세스 스티커 세트,"4,760원 "
BANDAINAMCO KOREA,[스트랩 증정] 다마고치 썸 (무료배송),"43,800원 "
Be on D,on the table 펜케이스,"11,760원 "
richcase,1+1 전기종 에어범퍼 케이스,"7,000원 "
BT21 Digital Acc.,BT21 피규어 무선 키보드,"8,370원 "
PEANUTS,[Peanuts] 마스킹테이프&홀더 세트 (3종),"12,600원 "
zium,튼튼한 접이식 좌식 테이블,"10,900원 "
Disney Edition,[디즈니] 틴케이스 북마크 세트_토이스토리,"3,360원 "
ilyang,드레텍 스탑워치 화이트 블랙,"7,700원 "
rihoon,리훈 리무버블스티커 14종 세트,"11,050원 "
Be on D,레트로 펜슬케이스,"1,000원 "
pepperseasoning,유니섹스 와이드 밴딩 슬랙스 P-7 black,"20,720원 "
ilyang,드레텍 Dday 디데이 스탑워치 화이트 블랙,"9,900원 "
Disney Edition,[디즈니] 레터링 데이 펜케이스,"4,900원 "
BT21 Digital Acc.,BT21 보조배터리,"10,470원 "
romane,Brunch Brother 런토스트 파우치,"8,720원 "
PEANUTS,[Peanuts] 코믹스 스티커 세트_찰리브라운,"4,900원 "
PEANUTS,[Peanuts] 아이패드 파우치,"13,900원 "
Jam Studio,잼스티커북,"6,160원 "
Disney Edition,[디즈니] 레터링 텀블러 2종,"3,900원 "
chomchom,촘촘 빈티지 삼각필통,"12,600원 "
CELLBN,셀비엔 블래미쉬 기미패치크림 30ml,"38,250원 "
Rlovehouse,[본사정품] 서울우유 레트로 빈티지유리컵 흰/딸기/초코,"9,000원 "
Rhino,라이노 (아이패드 6세대) 실키 애플펜슬 수납 케이스,"17,850원 "
Disney Edition,[디즈니] 틴케이스 북마크 세트_앨리스,"3,360원 "
dreams,[드림즈코리아 정품 소니엔젤] Summer series(랜덤),"2,520원 "
kittybunnypony,Maison KBP Seoul String Pouch,"7,000원 "
PEANUTS,[Peanuts] 트윈링노트 _ 유선,"4,200원 "
PEANUTS,[Peanuts] 지퍼백 세트(10매),"4,550원 "
Disney Edition,[디즈니] 토이스토리4 스티커 세트,"4,760원 "
W.DRESSROOM,[1+1] 벚꽃에디션 출시 드레스퍼퓸 70ml 섬유향수 모음전,"8,900원 "
Jam Studio,포토카드북,"6,160원 "
PEANUTS,[Peanuts] 코믹스 스티커 세트_루시,"4,900원 "
Magicch,아보카도브라더 깜찍한 뽀송펜슬 파우치_(1454889),"6,750원 "
PEANUTS,[Peanuts] 포켓 아이패드 파우치,"14,900원 "
Disney Edition,[디즈니]토이스토리 페이스_파티컵(10ea),"1,020원 "
21stScooTer,21st킥보드 로얄,"59,800원 "
dash and dot,[set] 몽글몽글 리무버 씰 4종,"6,800원 "
cunest,CLA 연예인 패션 필터 마스크,"14,800원 "
PEANUTS,[Peanuts] TIME 사각 펜 케이스_찰리브라운,"7,350원 "
